"token","value","do not translate","character limit","comment","last updated"
"instrument_options","Opciones Deluxe","","","Rivals cambio la termminologia a Opciones de nuevo, mala mia",""
"os_instrument_options","Opciones del instrumento","","","Nuevo para dx",""
"os_gameplay","Opciones del Juego","","","",""
"os_sfx","Opciones de Audio y Sfx","","","",""
"os_visual","Opciones de Graficos","","","",""
"os_track","Opciones de la Pista","","","",""
"os_controller","Opciones de Control","","","",""
"os_reset","Reiniciar","","","",""
"os_song_speed","- Velocidad de la Canción: %d%% +","","","",""
"os_practice_song_speed","- Vel. de la Canción en Práctica: %d%% +","","","",""
"os_tiltsens_on","Sens. de inclinación aumentada: Sí","","","",""
"os_tiltsens_off","Sens. de inclinación aumentada: No","","","",""
"os_nolanes_on","Sin Carriles: Sí","","","",""
"os_nolanes_off","Sin Carriles: No","","","",""
"os_rb3lanes_on","Carriles de RB3: Sí","","","",""
"os_rb3lanes_off","Carriles de RB3: No","","","",""
"os_odgain_on","Ganancia de Overdrive: Sí","","","",""
"os_odgain_off","Ganancia de Overdrive: No","","","",""
"os_practiceod_on","Overdrive en Practica: Sí","","","",""
"os_practiceod_off","Overdrive en Practica: No","","","",""
"os_synced_speeds_on","Sync Difficulty Speeds: ON","","","",""
"os_synced_speeds_off","Sync Difficulty Speeds: OFF","","","",""
"os_calibration_mode_on","Modo Calibración: Sí","","","",""
"os_calibration_mode_off","Modo Calibración: No","","","",""
"os_presicion_mode_on","Modo Precisión: Sí","","","",""
"os_presicion_mode_off","Modo Precisión: No","","","",""
"os_autoplay_on","Autoplay: Sí","","","",""
"os_autoplay_off","Autoplay: No","","","",""
"os_instafail_on","Fallo Insta: Sí","","","",""
"os_instafail_off","Fallo Insta: No","","","",""
"os_tough_crowd_on","Público difícil: Sí","","","",""
"os_tough_crowd_off","Público difícil: No","","","",""
"os_drunkmode_on","Modo Borracho: Sí","","","",""
"os_drunkmode_off","Modo Borracho: No","","","",""
"os_fc_sfx","Sonido de FC","","","",""
"os_ingame_sfx","Sonido en el Juego","","","",""
"os_menumusic","Musica en el Menú","","","",""
"os_whammy_fx_on","Efectos de Whammy: Sí","","","",""
"os_whammy_fx_off","Efectos de Whammy: No","","","",""
"os_miss_sounds_on","Sonido de Fallo: Sí","","","",""
"os_miss_sounds_off","Sonido de Fallo: No","","","",""
"os_muting_on","Silencio de Pista: SÍ","","","",""
"os_muting_off","Silencio de Pista: No","","","",""
"os_muting_partial","Silencio de Pista: Parcial","","","",""
"os_speedpitch_on","Compensación de tono: Sí","","","",""
"os_speedpitch_off","Compensación de tono: No","","","",""
"os_default","[Por Defecto]","","","",""
"os_random","[Aleatorio]","","","",""
"os_venue","Selecionar Escenario","","","",""
"os_venuefps_60","FPS del Escenario: 60","","","",""
"os_venuefps_30","FPS del Escenario: 30","","","",""
"os_camera_shake_on","Temblor de cámara: Sí","","","",""
"os_camera_shake_off","Temblor de cámara: No","","","",""
"os_crowdmeter_on","Medidor de Publico: Visible","","","",""
"os_crowdmeter_off","Medidor de Publico: Oculto","","","",""
"os_hud_theme","HUD en el Juego","","","",""
"os_nohud_on","Modo intérprete: Sí","","","",""
"os_nohud_off","Modo intérprete: No","","","",""
"os_menu_themer","Tema del Menú","","","",""
"os_resolution","Resolución","","","",""
"os_source_in_song_select_on","Mostrar Fuente de la Canción: Sí","","","",""
"os_source_in_song_select_off","Mostrar Fuente de la Canción: No","","","",""
"os_gpu_crash_fix_on","Corrección de Drivers de GPU: Sí","","","",""
"os_gpu_crash_fix_off","Corrección de Drivers de GPU: No","","","",""
"os_static_menu_bg_on","Menu Estático: Sí","","","",""
"os_static_menu_bg_off","Menu Estático: No","","","",""
"os_hud_vis_default","Visibilidad: Por defecto","","","",""
"os_hud_vis_never","Visibilidad: Nunca","","","",""
"os_score_pos","Posición de Puntaje","","","",""
"os_solo_pos","Posición del Solo","","","",""
"os_vox_solo_pos","Tambourine Percentage Position","","","",""
"os_countdown_pos","Break Countdown Position","","","",""
"os_vox_countdown_pos","Vocals Break Countdown Position","","","",""
"os_mtv","Song Title...","","","",""
"os_button_prompts","Button Prompts","","","",""
"os_mtv_vis_default","Visibility: DEFAULT","","","",""
"os_mtv_vis_always","Visibility: ALWAYS","","","",""
"os_mtv_pos","Position...","","","",""
"os_currentsong","Shown Info...","","","",""
"os_artist_on","Artist: ON","","","",""
"os_artist_off","Artist: OFF","","","",""
"os_famous_on","As Made Famous By: ON","","","",""
"os_famous_off","As Made Famous By: OFF","","","",""
"os_album_on","Album: ON","","","",""
"os_album_off","Album: OFF","","","",""
"os_year_on","Year: ON","","","",""
"os_year_off","Year: OFF","","","",""
"os_genre_on","Genre: ON","","","",""
"os_genre_off","Genre: OFF","","","",""
"os_source_on","Source: ON","","","",""
"os_source_off","Source: OFF","","","",""
"os_static_bg","Static Background","","","",""
"big_club_toys","The Big Cassettes","","","",""
"big_club_standard","The Club","","","",""
"big_club_industrial","The Industrial Club","","","",""
"big_club_arcade_empty","The Arcade (1 Audience Member)","","","",""
"small_club_industrial","The Barn","","","",""
"small_club_roadhouse","The Roadhouse","","","",""
"small_club_trashed","The Basement (Trashed)","","","",""
"arena","The Arena","","","",""
"big_club_practice","The Practice Area","","","",""
"os_screensaver","Screensaver","","","",""
"os_fast_start_on","Fast Start: ON","","","",""
"os_fast_start_off","Fast Start: OFF","","","",""
"os_notification_icon_colored","Plugin Notification Icon: Colored","","","",""
"os_notification_icon_bw","Plugin Notification Icon: B/W","","","",""
"os_instrumentswap","Change instrument type","","","",""
"os_pad_mapping","Change gamepad mapping","","","",""
"os_additional_parts_on","Non-Standard Parts: ON","","","",""
"os_additional_parts_off","Non-Standard Parts: OFF","","","",""
"os_rbguitar","Rock Band 1-3 Guitar","","","",""
"os_rbdrums","Rock Band 1-3 Drums","","","",""
"os_rb4guitar","Rock Band 4 Guitar","","","",""
"os_rb4drums","Rock Band 4 Drums","","","",""
"os_ghguitar","Guitar Hero Guitar","","","",""
"os_ghdrums","Guitar Hero Drums","","","",""
"os_screensaver_warning","You will need to restart the game to continue playing. Do you want to continue?","","","",""
"os_emu_warning","Changing this setting may break RB4DX. If you experience crashing, you will need to delete the 'emu_override' file in 'data/CUSA02084/GoldHEN/RB4DX/settings' Are you sure you want to continue?","","","",""
"os_delayed_effect_warn","This option will take effect the next time you restart the game.","","","",""
"os_additional_parts_info","Press yellow on the part select menu to get non-standard parts to appear (PAD/VOCALS ONLY).","","","",""
"os_ingame_warn","This option will take effect when you go back to music library.","","","",""
"os_track_angles_warn","Track Angles are EXPERIMENTAL, and will not work with drums or multiplayer. Do you want to continue?","","","",""
"os_gem_color_confirm","Would you like to reset gem colors to default or edit your colors?","","","",""
"os_edit","Edit","","","",""
"os_static_menu_bg_confirm","Would you like to reset Menu BGs to default or edit your static BG?","","","",""
"os_saving_warn","This setting will disable saving until you restart the game. Do you want to continue?","","","",""
"os_saving_disabled","You will need to restart the game to re-enable saving.","","","",""
"os_video_cal","- Video: %d ms +","","","",""
"os_audio_cal","- Audio: %d ms +","","","",""
"os_per_controller_cal","Per-Controller Calibration","","","",""
"os_dualshock_cal","- Dualshock: %d ms +","","","",""
"os_rb1_guitar_cal","- Rock Band 1 Guitar: %d ms +","","","",""
"os_rb2_guitar_cal","- Rock Band 2/3 Guitar: %d ms +","","","",""
"os_rb4_strat_cal","- Rock Band 4 Stratocaster: %d ms +","","","",""
"os_rb4_jag_cal","- Rock Band 4 Jaguar/Riffmaster: %d ms +","","","",""
"os_gh_guitar_cal","- Guitar Hero Guitar: %d ms +","","","",""
"os_rb1_drums_cal","- Rock Band 1 Drums: %d ms +","","","",""
"os_rb2_drums_cal","- Rock Band 2/3 Drums: %d ms +","","","",""
"os_rb4_drums_cal","- Rock Band 4 Drums: %d ms +","","","",""
"os_gh_drums_cal","- Guitar Hero Drums: %d ms +","","","",""
"os_rr_drums_cal","- Rock Revolution Drums: %d ms +","","","",""
"os_mpa_drums_cal","- MIDI Pro Adapter Drums: %d ms +","","","",""
"os_all_offsets_vanilla","[RESET ALL TO VANILLA]","","","",""
"os_all_offsets_custom_optimal","[SET TO CUSTOM-OPTIMAL]","","","",""
"os_player_intros_on","Player Intro Animations: ON","","","",""
"os_player_intros_off","Player Intro Animations: OFF","","","",""
"random_full","Full Crowd Venues","","","",""
"random_full_emu","Full Crowd Venues","","","",""
"big_venues","Big Club Venues","","","",""
"big_venues_emu","Big Club Venues","","","",""
"small_venues","Small Club Venues","","","",""
"nice_solo","Nice","","","",""
"choke_solo","Awesome Choke!","","","",""
"version_number","%s","","","",""
"harmonix_splash_legal","","","","",""